{"flutter":{"platforms":{"android":{"default":{"projectId":"scapp-firestore","appId":"1:631772242777:android:807e12bf361b7f3f0de248","fileOutput":"android/app/google-services.json"}},"ios":{"default":{"projectId":"scapp-firestore","appId":"1:631772242777:ios:fd5531a79d7a73ea0de248","uploadDebugSymbols":false,"fileOutput":"ios/Runner/GoogleService-Info.plist"}},"macos":{"default":{"projectId":"scapp-firestore","appId":"1:631772242777:ios:fd5531a79d7a73ea0de248","uploadDebugSymbols":false,"fileOutput":"macos/Runner/GoogleService-Info.plist"}},"dart":{"lib/firebase_options.dart":{"projectId":"scapp-firestore","configurations":{"android":"1:631772242777:android:807e12bf361b7f3f0de248","ios":"1:631772242777:ios:fd5531a79d7a73ea0de248","macos":"1:631772242777:ios:fd5531a79d7a73ea0de248"}}}}}}